Laser power setting (%),Laser power (W),Laser power error (W),Laser power density (MW/m^2),Laser power density error (MW/m^2),Emission time (s),alpha_0.5 (cm^2/s),alpha_c (cm^2/s),kappa_c (W/m-K),kappa_c error (W/m-K),T_min (K),DT_max (K)
10.0,126.99922480620155,5.944091136963451,1.6527252506581807,0.07752720797938477,0.4,0.93301716598339,0.9288781107828922,119.41425164331343,5.982628013679491,296.56565195498547,8.64620506405106
20.0,458.15920000000006,15.119145479680501,5.96232992616169,0.19763866300480185,0.4,0.7631970346184784,0.760378327580437,97.65147146510583,4.892317463992401,295.98510451160433,34.69732384720078
30.0,801.5061068702289,26.05306132261202,10.430531236726699,0.3406142360731559,0.4,0.7292179760365802,0.7260046749477139,93.05987488766095,4.662279474944092,295.2571620979953,55.18590365996732
