Laser power setting (%),Laser power (W),Laser power error (W),Laser power density (MW/m^2),Laser power density error (MW/m^2),Emission time (s),alpha_0.5 (cm^2/s),alpha_c (cm^2/s),kappa_c (W/m-K),kappa_c error (W/m-K),T_min (K),DT_max (K)
10.0,122.43170731707318,4.5779136155285185,1.593285112353205,0.05978382140816307,0.4,0.9351072752706345,0.9236059033881115,118.26610023009383,5.92510587780252,295.83616966569485,9.146719956309028
20.0,458.8756097560976,15.628764134546975,5.971653042074619,0.20424466171668101,0.4,0.891810669061577,0.8872967875423134,113.73443021266756,5.698070196366554,295.4043664428911,39.59977417838587
30.0,801.1222222222221,27.37270681515724,10.425535490870228,0.3577109405186811,0.4,0.81922650750318,0.8153896525811161,104.62544705422508,5.241712122938186,295.3622340668622,66.80189306286587
40.0,1132.9677685950414,40.25073070871729,14.744061959403735,0.5258387566081864,0.4,0.771489754662216,0.7686241201549722,98.72674896767639,4.946188632808774,295.22067428286385,93.01952694054756
50.0,1478.5801587301585,49.96337003580045,19.24174550816774,0.6529902488452318,0.4,0.7449880876181246,0.742865390001344,95.51668929765388,4.785365342094507,294.8780818709734,114.68947696007763
60.0,1820.3621848739494,58.394163765375794,23.689581986626106,0.7635314274796721,0.4,0.7182533092026581,0.71615888632459,92.36791015234917,4.627612192329283,296.02210515412617,135.69703395369612
