Laser power setting (%),Laser power (W),Laser power error (W),Laser power density (MW/m^2),Laser power density error (MW/m^2),Emission time (s),alpha_0.5 (cm^2/s),alpha_c (cm^2/s),kappa_c (W/m-K),kappa_c error (W/m-K),T_min (K),DT_max (K)
10.0,119.0263888888889,3.7466895510127998,1.41963948714298,0.046061363111606406,0.5,0.011875712629217952,0.012095967839192536,1.2683831876177294,0.17478523447157077,296.36137428927407,8.034991164837663
40.0,1128.5689655172414,37.300721947191676,13.460553431625963,0.45731627158465804,0.5,0.009973850170240725,0.010921675659401636,1.1452469096448556,0.1578168581736568,297.48257611656663,35.431503032955106
20.0,456.277536231884,16.00771055142193,5.442067205246127,0.19566596874290904,0.5,0.011269735076051916,0.013287462806851039,1.3933233499264,0.19200218891973916,296.38644612047216,23.779901590938834
30.0,815.4862068965517,20.501480755903902,9.726384471022673,0.25621373740820597,0.5,0.010334411067138373,0.014900338943359542,1.5624495416006818,0.21530804897500688,301.3931031988447,29.014561881407246
