Laser power setting (%),Laser power (W),Laser power error (W),Laser power density (MW/m^2),Laser power density error (MW/m^2),Emission time (s),alpha_0.5 (cm^2/s),alpha_c (cm^2/s),kappa_c (W/m-K),kappa_c error (W/m-K),T_min (K),DT_max (K)
10.0,119.0263888888889,3.7466895510127998,1.41963948714298,0.046061363111606406,0.5,0.01200402213186994,0.012226656939259124,1.2940693704511859,0.16377602032717328,296.36137429120134,8.034991173570631
20.0,456.277536231884,16.00771055142193,5.442067205246127,0.19566596874290904,0.5,0.011391497367628166,0.013431025360254523,1.4215397241293388,0.1799085304628752,296.38644612047534,23.77990158881255
30.0,815.4862068965517,20.501480755903902,9.726384471022673,0.25621373740820597,0.5,0.010446067780027423,0.015061327599917119,1.5940909131752279,0.20174642237960025,301.39310319883833,29.014561879222526
40.0,1128.5689655172414,37.300721947191676,13.460553431625963,0.45731627158465804,0.5,0.010081611253852507,0.011039677392792546,1.168439455253163,0.1478764340955644,297.48257611656317,35.43150303531701
