Peak,Peak left (ms),Peak time (ms),Peak right (ms),Peak current (A),Mean current (A),Charge (C)
1,2104.5577250790116,2248.7168734741203,2392.876021869229,2.959387176281932,1.1545582056228265,0.25084124179112766
2,2668.233649595916,2827.176873474122,2986.1200973523282,2.1605248658385996,1.1028186206064323,0.22850321516773026
