Peak,Peak left (ms),Peak time (ms),Peak right (ms),Peak current (A),Mean current (A),Charge (C)
1,2044.4015777899544,2232.156396636964,2419.9112154839736,1.4640189440574807,0.46940665272539267,0.13347861412938927
2,2656.770836586548,2858.5963966369627,3060.4219566873776,0.6270334690723169,0.22764099869001128,0.06347671059559032
