Peak,Peak left (ms),Peak time (ms),Peak right (ms),Peak current (A),Mean current (A),Charge (C)
1,2114.217550898506,2248.8169926834116,2383.416434468317,2.9910349484410057,1.63448915348416,0.31842613486193444
2,2702.751229549121,2839.296992683411,2975.8427558177013,5.006529269097356,2.55921509981266,0.46408437124401897
