Laser power setting (%),Laser power (W),Laser power error (W),Laser power density (MW/m^2),Laser power density error (MW/m^2),Emission time (s),alpha_0.5 (cm^2/s),alpha_c (cm^2/s),kappa_c (W/m-K),kappa_c error (W/m-K),T_min (K),DT_max (K)
40.0,1153.3,32.09094558555635,0.4840463433630993,0.014312134973261214,0.5,0.9227418796131573,0.9226891516811447,114.9910457569638,6.192457327459948,297.72940729421805,4.108457664590048
100.0,3043.1805755395685,98.77128695970251,1.2772395992227004,0.043377860893083445,0.5,0.7608564510694337,0.7559137467314752,94.72113202866667,5.1008890669271665,298.52496313923075,10.127802847656142
20.0,463.8727272727272,11.957833029306476,0.19468993099994095,0.005383163666308996,0.5,0.9097942853717408,0.8996365929546069,112.00302322819593,6.031547389811491,298.0984484597957,1.5790745845882839
80.0,2464.1841379310345,69.21662488436,1.034231614791354,0.030836678199233174,0.5,0.8041852752465538,0.8009492358701072,100.43411437571264,5.408542581718093,298.76775634316095,8.2406910925979
60.0,1830.770138888889,50.58298020759463,0.7683842809915202,0.022577697211701653,0.5,0.8158496896801718,0.8089733595713938,101.23316830296073,5.451572952598283,298.5176835086533,6.177742387378544
