# D_gamma: 433.933 -/+ 0.0000 nm, Intensity: 3.308E+01 (photons/cm^2/s/nm)
a_0,a_1,a_2,a_3,a_4,a_5
4.969859712289777,-0.06315597519072186,0.0002909563558136927,-6.003754123618397e-07,5.676829624581933e-10,-1.9856136678825439e-13
