# D_gamma: 433.933 -/+ 0.0000 nm, Intensity: 3.308E+13 (photons/cm^2/s/nm)
a_0,a_1,a_2,a_3,a_4,a_5
4.969859712290751,-0.06315597519073482,0.0002909563558137579,-6.003754123619945e-07,5.676829624583671e-10,-1.9856136678832873e-13
