Ion energy (eV),Sputtering yield,Sputtering yield delta
11.67,0.0,0.0
14.0,0.0,0.0
16.67,0.0,0.0
17.5,0.0,0.0
21.0,0.0058553872220549535,0.00504595207644632
25.0,0.008843079012989632,0.007341788668411167
35.0,0.013877092262544405,0.007328780400548046
42.0,0.016705391656402693,0.007924338156690424
50.0,0.01950280844815978,0.009454113564904281
