heat_load_mean (MW/m2),mass_loss_rate (atoms/s),mass_loss_rate_lb (atoms/s),mass_loss_rate_ub (atoms/s)
5.892923195113189,3.342229632781426e+20,1.5755421584149145e+20,1.5755421584149145e+20
14.596200190408782,8.355574081953567e+20,8.355574081953567e+20,1.5333931485051725e+21
22.981166416911915,1.3368918531125705e+21,1.3368918531125705e+21,1.690773253876656e+21
31.08786781322781,1.1976322850800111e+21,1.117061915172656e+21,1.117061915172656e+21
38.81370934631351,2.339560742946998e+21,1.7020605214051415e+21,1.7020605214051415e+21
