Sample,Sample ID,Degassing Time (h),Laser Power Setpoint (%),Base Pressure (mTorr),Peak Pressure (mTorr),Peak dt (s),Density (g/cm^3),Sample Diameter (cm),Erosion Rate (cm/s),Erosion Rate Error (cm/s),Outgassing Rate (Torr L / s),Outgassing Rate (Torr L / s m2),Mean particle velocity (cm/s),Particle velocity std (cm/s),Particle velocity mode (cm/s),N
66 h,R3N40,66,100,7,34,1.461272,0.918,0.917,0.115,0.005,0.583,8.83E+03,90,20,77,17
12 h,R3N20,12,100,3.8,31,1.519146,0.798,0.904,0.18,0.007,0.565,8.81E+03,70,23,52,31
4 h,R3N40,4,100,10,37,1.460017,0.918,0.917,0.327,0.007,0.584,8.84E+03,78,27,64,83
1 h,R3N20,1,100,8.7,42,1.701795,0.798,0.904,0.258,0.008,0.618,9.62E+03,70,19,66,52
-2.5 h,R3N40,-2.5,100,24,72,1.438295,0.918,0.916,0.132,0.006,1.054,1.60E+04,101,31,109,25
-3.5 h,R3N40,-3.5,100,33,65,1.249700546,0.918,0.917,0.175,0.005,0.808,1.22E+04,113,15,119,50
0.2 h,R3N40,0.2,100,180,310,1.039975,0.918,0.917,0.201,0.006,3.946,5.98E+04,101,31,109,25