Matrix content (wt %),Matrix mean breaking load (N),Matrix mean breaking load error (N),Matrix strength mean (KPa),Matrix strength mean error (KPa),Diameter mean (mm),Diameter err (mm),FT_estimate (KPa),FT_estimate error (KPa)
20.0,0.5,0.5,29.0,29.0,9.53,0.06,9.666666666666666,9.666666666666666
22.0,0.2,0.3535533905932738,12.0,21.213203435596427,9.53,0.042426406871192854,4.0,7.0710678118654755
25.0,2.2333333333333334,0.28867513459481287,197.33333333333334,25.403411844343534,9.53,0.034641016151377546,65.77777777777779,8.467803948114511
