Matrix content (wt %),Matrix mean breaking load (N),Matrix mean breaking load error (N),Matrix strength mean (KPa),Matrix strength mean error (KPa),Diameter mean (mm),Diameter err (mm),FT_estimate (KPa),FT_estimate error (KPa)
5,0.7666666666666666,0.20412414523193148,59.333333333333336,15.680844648452101,10.013333333333334,0.028915585954829116,19.77777777777778,5.2269482161507
10,0.8333333333333334,0.28867513459481287,61.0,21.361959960016154,10.15,0.034641016151377546,20.333333333333332,7.120653320005385
15,1.425,0.25,104.25,18.376275465937052,10.15,0.03,34.75,6.12542515531235
20,1.842857142857143,0.18898223650461363,134.71428571428572,13.87774609706828,10.15,0.022677868380553634,44.904761904761905,4.625915365689427
25,2.6399999999999997,0.223606797749979,192.8,16.460862674841803,10.15,0.02683281572999748,64.26666666666667,5.486954224947268
