Deformation (mm),Force 4cm (N),Force 4cm err (N)
-5.14E-02,0,0.5
2.43E-16,0.3,0.5
0.03428,0.5,0.5
0.0857,0.5,0.5
0.11998,0.3,0.5
0.1714,0.1,0.5
0.19711,0.1,0.5
0.23139,0.1,0.5
0.2571,0,0.5