E0 (eV),Yield,Mean sputtered energy (eV)
100.0,0.09325,5.707238605898124
